Year,Coal_emission,Total_emission
2006,1953,2401.231384
2007,1986,2467.226239
2008,1958,2414.114946
2009,1740,2198.273322
2010,1828,2313.956993
2011,1723,2211.767283
2012,1512,2073.78562
2013,1571,2092.343184
2014,1568,2092.5328
2015,1351,1952.725753
2016,1242,1860.497992
2017,1207,1780.55203
2018,1153,1799.826648
2019,974,1650.961498
2020,787,1482.182865
